<html xmlns="http://www.w3.org/1999/xhtml">
    <head>
        <meta content="text/html; charset=us-ascii" http-equiv="content-type"/>
        <title>NHLBI-Subject7</title>
        <link rel="stylesheet" href="../../plugins/EC-Tomcat/pluginhelp.css" type="text/css" media="screen" />
    </head>
    <body>
        <div class="help">
            <h1>NHLBI-Subject7</h1>
        	<h2>Contents</h2>
            <ul>
                <li><a href="#overview">Overview</a></li>
                <li><a href="#procedures">Plugin Procedures</a></li>
                <li><a href="#notes">Misc. Notes</a></li>
            </ul>
            
            <h2 id="overview">Overview</h2>
            <p></p>
            
            <h2 id="procedures">Plugin Procedures</h2>
            <h3>Run Functional Test</h3>
            <p>Runs Subject7 functional test execution set.</p>
            <table class="grid">
            <thead>
                <tr>
                    <th>Label</th>
                    <th>Parameter Name</th>
                    <th>Description</th>
                </tr>
            </thead>
            <tbody>
            <tr>
                <td class="required">Configuration</td>
                <td>config</td>
                <td>Provide the name of your Subject7 configuration. Information in the configuration is used to connect and authenticate to Subject7.</td>
            </tr>
            <tr>
                <td class="required">Execution Name</td>
                <td>executionName</td>
                <td>Name of the execution set to be run.</td>
            </tr>
            <tr>
                <td>Pool</td>
                <td>pool</td>
                <td>Pool defined in Subject7 to run test case on.</td>
            </tr>
            <tr>
                <td>Test Case Name</td>
                <td>testCaseName</td>
                <td>Name of the test case to be run. Data sets parameter should be supplied along with the test case.</td>
            </tr>
            <tr>
                <td>Data Sets</td>
                <td>datatSet</td>
                <td>Data sets to be used. Accepts input in the format template_name_1=data_set_1; template_name_2=data_set_2, data_set_3, ...</td>
            </tr>
            </tbody>
            </table>
            
            <h3>Run Load Test</h3>
            <p>Starts a load plan test run.</p>
            <table class="grid">
            <thead>
                <tr>
                    <th>Label</th>
                    <th>Parameter Name</th>
                    <th>Description</th>
                </tr>
            </thead>
            <tbody>
            <tr>
                <td class="required">Configuration</td>
                <td>config</td>
                <td>Provide the name of your Subject7 configuration. Information in the configuration is used to connect and authenticate to Subject7.</td>
            </tr>
            <tr>
                <td class="required">Load Plan Name</td>
                <td>loadPlanName</td>
                <td>Name of the load plan to be run.</td>
            </tr>
            <tr>
                <td>Pool</td>
                <td>pool</td>
                <td>Pool defined in Subject7 to run test case on.</td>
            </tr>
            <tr>
                <td>Test Case Name</td>
                <td>testCaseName</td>
                <td>Name of the test case to be run. Data sets parameter should be supplied along with the test case.</td>
            </tr>
            <tr>
                <td>Data Sets</td>
                <td>datatSet</td>
                <td>Data sets to be used. Accepts input in the format template_name_1=data_set_1; template_name_2=data_set_2, data_set_3, ...</td>
            </tr>
            </tbody>
            </table>
            
            <h3>Cancel Load Test</h3>
            <p>Cancels a load plan test.</p>
            <table class="grid">
            <thead>
                <tr>
                    <th>Label</th>
                    <th>Parameter Name</th>
                    <th>Description</th>
                </tr>
            </thead>
            <tbody>
            <tr>
                <td class="required">Configuration</td>
                <td>config</td>
                <td>Provide the name of your Subject7 configuration. Information in the configuration is used to connect and authenticate to Subject7.</td>
            </tr>
            <tr>
                <td class="required">Test ID</td>
                <td>testId</td>
                <td>ID for the load plan test to be canceled.</td>
            </tr>
            </tbody>
            </table>
            
            <h3>createConfiguration</h3>
            <p>Procedure to create and set up a new plugin configuration. This is run automatically when you create a new configuration from the plugin "Configure" page. This procedure creates configuration property sheets and credentials, attaches the credentials to steps they are defined for, and grants the configuration creator full permissions on the credentials.</p>
            
            <h3>deleteConfiguration</h3>
            <p>Procedure to delete a plugin configuration. This is run automatically when you delete a configuration from the plugin "Configure" page. This procedure deletes all property sheets and credentials associated with a configuration.</p>

            <h2 id="notes">Misc. Notes</h2>
            <p>Groovy helper classes for these procedures are defined in properties under /projects/NHLBI-Subject7-[version]/scripts. These helper classes are referenced via the preamble property, which is included at the start of every procedure involving API calls.</p>
            <h4>clientHelper</h4>
            <p>This property contains the helper classes BaseClient and EFClient.</p>
            <p>BaseClient is a helper class for making generic REST API calls. Both EFClient and SSClient extend on top of this class for making tool-specific calls.</p>
            <p>EFClient wraps up REST API calls to the EFlow server and contains methods that run EFlow related actions, such as retrieving plugin configuration data and setting a property.</p>
            <h4>Subject7Client</h4>
            <p>This property contains the helper class SSClient. It contains methods to construct and run REST requests to Subject7 using basic auth.</p>
            <p>The procedure constructs the JSON data to be passed on with the REST API call, which are each defined as methods in this class.</p>
            <p>The REST URI prefix is defined in this class under "uriPrefix". Update this value if Subject7 updates their API root path.</p>
            
        </div>
    </body>
</html>	